﻿<parameters>
  <parameter name="IIS Web Application Name" defaultValue="SolnC055" tags="IisApp">
    <parameterEntry kind="ProviderPath" scope="IisApp" match="^C:\\Users\\salonso\\AppData\\Local\\Temp\\WebSitePublish\\WebAppC055--1950663333\\obj\\Debug\\Package\\PackageTmp$" />
    <parameterEntry kind="ProviderPath" scope="setAcl" match="^C:\\Users\\salonso\\AppData\\Local\\Temp\\WebSitePublish\\WebAppC055--1950663333\\obj\\Debug\\Package\\PackageTmp$" />
  </parameter>
  <parameter name="SQLServerConnection_Asyn-Web.config Connection String" description="SQLServerConnection_Asyn Cadena de conexión que usa la aplicación en web.config para obtener acceso a la base de datos." defaultValue="" tags="SqlConnectionString">
    <parameterEntry kind="XmlFile" scope="C:\\Users\\salonso\\AppData\\Local\\Temp\\WebSitePublish\\WebAppC055--1950663333\\obj\\Debug\\Package\\PackageTmp\\Web\.config$" match="/configuration/connectionStrings/add[@name='SQLServerConnection_Asyn']/@connectionString" />
  </parameter>
  <parameter name="SQLServerConnection-Web.config Connection String" description="SQLServerConnection Cadena de conexión que usa la aplicación en web.config para obtener acceso a la base de datos." defaultValue="" tags="SqlConnectionString">
    <parameterEntry kind="XmlFile" scope="C:\\Users\\salonso\\AppData\\Local\\Temp\\WebSitePublish\\WebAppC055--1950663333\\obj\\Debug\\Package\\PackageTmp\\Web\.config$" match="/configuration/connectionStrings/add[@name='SQLServerConnection']/@connectionString" />
  </parameter>
</parameters>